{"cameraMode":{"drawMode":0,"name":"Shaded","section":"Shading Mode"},"sceneLighting":true,"audioPlay":false,"sceneViewState":{"showFog":true,"showMaterialUpdate":false,"showSkybox":true,"showFlares":true,"showImageEffects":true,"showParticleSystems":true},"in2DMode":false,"pivot":{"x":-0.201873779296875,"y":0.46800756454467776,"z":-0.6525001525878906},"rotation":{"x":-0.2659430503845215,"y":-0.19637468457221986,"z":0.05542954057455063,"w":-0.9422044157981873},"size":2.189711332321167,"orthographic":false}